chapter,label,sheet
F5 BI Module 1a Asas,It's Personal!,F5 BI Module 1a.csv
F5 BI Module 1b Sederhana,It's Personal!,F5 BI Module 1b.csv
F5 BI Module 1c Cabaran,It's Personal!,F5 BI Module 1c.csv
F5 BI Module 2a Asas,Life's Great Mysteries,F5 BI Module 2a.csv
F5 BI Module 2b Sederhana,Life's Great Mysteries,F5 BI Module 2b.csv
F5 BI Module 2c Cabaran,Life's Great Mysteries,F5 BI Module 2c.csv
F5 BI Module 3a Asas,The World of Sport,F5 BI Module 3a.csv
F5 BI Module 3b Sederhana,The World of Sport,F5 BI Module 3b.csv
F5 BI Module 3c Cabaran,The World of Sport,F5 BI Module 3c.csv
F5 BI Module 4a Asas,Shopping Therapy,F5 BI Module 4a.csv
F5 BI Module 4b Sederhana,Shopping Therapy,F5 BI Module 4b.csv
F5 BI Module 4c Cabaran,Shopping Therapy,F5 BI Module 4c.csv
F5 BI Module 5a Asas,The Environment,F5 BI Module 5a.csv
F5 BI Module 5b Sederhana,The Environment,F5 BI Module 5b.csv
F5 BI Module 5c Cabaran,The Environment,F5 BI Module 5c.csv
F5 BI Module 6a Asas,Crime,F5 BI Module 6a.csv
F5 BI Module 6b Sederhana,Crime,F5 BI Module 6b.csv
F5 BI Module 6c Cabaran,Crime,F5 BI Module 6c.csv
F5 BI Module 7a Asas,The Media,F5 BI Module 7a.csv
F5 BI Module 7b Sederhana,The Media,F5 BI Module 7b.csv
F5 BI Module 7c Cabaran,The Media,F5 BI Module 7c.csv
F5 BI Module 8a Asas,A Hard Day's Work,F5 BI Module 8a.csv
F5 BI Module 8b Sederhana,A Hard Day's Work,F5 BI Module 8b.csv
F5 BI Module 8c Cabaran,A Hard Day's Work,F5 BI Module 8c.csv
F5 BI Module 9a Asas,Getting Away,F5 BI Module 9a.csv
F5 BI Module 9b Sederhana,Getting Away,F5 BI Module 9b.csv
F5 BI Module 9c Cabaran,Getting Away,F5 BI Module 9c.csv
F5 BI Module 10a Asas,Where on earth?,F5 BI Module 10a.csv
F5 BI Module 10b Sederhana,Where on earth?,F5 BI Module 10b.csv
F5 BI Module10c Cabaran,Where on earth?,F5 BI Module 10c.csv
F5 BI Module 11a Asas,High-Tech World,F5 BI Module 11a.csv
F5 BI Module 11b Sederhana,High-Tech World,F5 BI Module 11b.csv
F5 BI Module 11c Cabaran,High-Tech World,F5 BI Module 11c.csv
F5 BI Module 12a Asas,Happy to help!,F5 BI Module 12a.csv
F5 BI Module 12b Sederhana,Happy to help!,F5 BI Module 12b.csv
F5 BI Module 12c Cabaran,Happy to help!,F5 BI Module 12c.csv
